symbol,open,high,low,issue_price,ltP,chn,per,qty,trdVal,wkhi,wklo,xDt,cAct,yPC,mPC,prevClose,nearWKH,nearWKL,maturityDate,chartTodayPath,perChange365d,date365dAgo,chart365dPath,date30dAgo,perChange30d,chart30dPath,meta
SGBOCT26,7315,7500,7315,3096,7500,100,1.35,8,58704.96,7850,5760,,,25.041889032826003,-3.225806451612903,7400,4.45859872611465,-30.208333333333332,OCT26,https://nsearchives.nseindia.com/today/SGBOCT26GBN.svg,28.38,11-Aug-2023,https://nsearchives.nseindia.com/365d/SGBOCT26-GB.svg,15-Jul-2024,-3.23,https://nsearchives.nseindia.com/30d/SGBOCT26-GB.svg,"{'symbol': 'SGBOCT26', 'companyName': '2.50%GOLDBONDS2026Sr-II', 'activeSeries': ['GB'], 'debtSeries': [], 'isFNOSec': False, 'isCASec': False, 'isSLBSec': False, 'isDebtSec': False, 'isSuspended': False, 'tempSuspendedSeries': [], 'isETFSec': False, 'isDelisted': False, 'isin': 'IN0020180249', 'isMunicipalBond': False, 'quotepreopenstatus': {'equityTime': '14-Aug-2024 16:00:00', 'preOpenTime': '14-Aug-2024 09:07:35', 'QuotePreOpenFlag': False}}"
SGBNOV26,7500,7500,7500,3133,7500,95,1.28,30,225000,7983,5800,,,27.925223442723606,-6.050357008643367,7405,6.050357008643367,-29.310344827586206,NOV26,https://nsearchives.nseindia.com/today/SGBNOV26GBN.svg,27.77,14-Aug-2023,https://nsearchives.nseindia.com/365d/SGBNOV26-GB.svg,15-Jul-2024,-6.05,https://nsearchives.nseindia.com/30d/SGBNOV26-GB.svg,"{'symbol': 'SGBNOV26', 'companyName': '2.50%GOLDBONDS2026Sr-III', 'activeSeries': ['GB'], 'debtSeries': [], 'isFNOSec': False, 'isCASec': False, 'isSLBSec': False, 'isDebtSec': False, 'isSuspended': False, 'tempSuspendedSeries': [], 'isETFSec': False, 'isDelisted': False, 'isin': 'IN0020180314', 'isMunicipalBond': False, 'quotepreopenstatus': {'equityTime': '14-Aug-2024 16:00:00', 'preOpenTime': '14-Aug-2024 09:07:35', 'QuotePreOpenFlag': False}}"
SGBNOV24,7015,7200,7015,2957,7198,76.87,1.08,116,830527.52,7588.99,5800,,,22.553985558448105,-4.788359788359788,7121.13,5.1520689841467675,-24.103448275862068,NOV24,https://nsearchives.nseindia.com/today/SGBNOV24GBN.svg,22.02,14-Aug-2023,https://nsearchives.nseindia.com/365d/SGBNOV24-GB.svg,15-Jul-2024,-4.79,https://nsearchives.nseindia.com/30d/SGBNOV24-GB.svg,"{'symbol': 'SGBNOV24', 'companyName': 'Sovereign Gold Bonds 2.50% NOV 2024 Tr-VI', 'activeSeries': ['GB'], 'debtSeries': [], 'isFNOSec': False, 'isCASec': False, 'isSLBSec': False, 'isDebtSec': False, 'isSuspended': False, 'tempSuspendedSeries': [], 'isETFSec': False, 'isDelisted': False, 'isin': 'IN0020160076', 'isMunicipalBond': False, 'quotepreopenstatus': {'equityTime': '14-Aug-2024 16:00:00', 'preOpenTime': '14-Aug-2024 09:07:35', 'QuotePreOpenFlag': False}}"
SGBN28VIII,7416.66,7497.5,7416.66,0,7493.47,60.2,0.81,53,395620.62,8000,5801,,,27.604028308505505,-2.6315003008059983,7433.27,6.331624999999996,-29.17548698500259,8VIII,https://nsearchives.nseindia.com/today/SGBN28VIIIGBN.svg,27.4,14-Aug-2023,https://nsearchives.nseindia.com/365d/SGBN28VIII-GB.svg,15-Jul-2024,-2.73,https://nsearchives.nseindia.com/30d/SGBN28VIII-GB.svg,"{'symbol': 'SGBN28VIII', 'companyName': 'SOVEREIGN GOLD BONDS 2.5% NOV 2028 SR-VIII 2020-21', 'activeSeries': ['GB'], 'debtSeries': [], 'isFNOSec': False, 'isCASec': False, 'isSLBSec': False, 'isDebtSec': True, 'isSuspended': False, 'tempSuspendedSeries': [], 'isETFSec': False, 'isDelisted': False, 'isin': 'IN0020200286', 'isMunicipalBond': False, 'quotepreopenstatus': {'equityTime': '14-Aug-2024 16:00:00', 'preOpenTime': '14-Aug-2024 09:07:35', 'QuotePreOpenFlag': False}}"
SGBAUG30,7700,7800.1,7700,0,7773,53.43,0.69,108,836381.16,8199,5750,,,30.65029321939601,-1.1735089570645771,7719.57,5.1957555799487745,-35.18260869565217,AUG30,https://nsearchives.nseindia.com/today/SGBAUG30GBN.svg,30.66,14-Aug-2023,https://nsearchives.nseindia.com/365d/SGBAUG30-GB.svg,15-Jul-2024,-1.17,https://nsearchives.nseindia.com/30d/SGBAUG30-GB.svg,"{'symbol': 'SGBAUG30', 'companyName': 'SOVEREIGN GOLD BONDS 2.50% AUGUST 2030 SR-II 2022-23', 'activeSeries': ['GB'], 'debtSeries': [], 'isFNOSec': False, 'isCASec': False, 'isSLBSec': False, 'isDebtSec': True, 'isSuspended': False, 'tempSuspendedSeries': [], 'isETFSec': False, 'isDelisted': False, 'isin': 'IN0020220078', 'isMunicipalBond': False, 'quotepreopenstatus': {'equityTime': '14-Aug-2024 16:00:00', 'preOpenTime': '14-Aug-2024 09:07:35', 'QuotePreOpenFlag': False}}"
SGBDEC2513,7400,7400,7400,2816,7400,49,0.67,7,51800,8030,5800,,,26.272752558303033,-3.0144167758846656,7351,7.845579078455791,-27.586206896551722,C2513,https://nsearchives.nseindia.com/today/SGBDEC2513GBN.svg,25.44,10-Aug-2023,https://nsearchives.nseindia.com/365d/SGBDEC2513-GB.svg,15-Jul-2024,-3.01,https://nsearchives.nseindia.com/30d/SGBDEC2513-GB.svg,"{'symbol': 'SGBDEC2513', 'companyName': '2.50%GOLDBONDS2025SR-XIII', 'activeSeries': ['GB'], 'debtSeries': [], 'isFNOSec': False, 'isCASec': False, 'isSLBSec': False, 'isDebtSec': False, 'isSuspended': False, 'tempSuspendedSeries': [], 'isETFSec': False, 'isDelisted': False, 'isin': 'IN0020170158', 'isMunicipalBond': False, 'quotepreopenstatus': {'equityTime': '14-Aug-2024 16:00:00', 'preOpenTime': '14-Aug-2024 09:07:35', 'QuotePreOpenFlag': False}}"
SGBJUL28IV,7440,7489,7420,0,7489,48.45,0.65,1217,9053847.16,8000,5780,,,27.76527630157997,-2.8971376114433256,7440.55,6.3875,-29.567474048442907,L28IV,https://nsearchives.nseindia.com/today/SGBJUL28IVGBN.svg,26.43,14-Aug-2023,https://nsearchives.nseindia.com/365d/SGBJUL28IV-GB.svg,15-Jul-2024,-3.49,https://nsearchives.nseindia.com/30d/SGBJUL28IV-GB.svg,"{'symbol': 'SGBJUL28IV', 'companyName': 'SOVEREIGN GOLD BONDS 2.50% JULY 2028 SR-IV 2020-21', 'activeSeries': ['GB'], 'debtSeries': [], 'isFNOSec': False, 'isCASec': False, 'isSLBSec': False, 'isDebtSec': True, 'isSuspended': False, 'tempSuspendedSeries': [], 'isETFSec': False, 'isDelisted': False, 'isin': 'IN0020200146', 'isMunicipalBond': False, 'quotepreopenstatus': {'equityTime': '14-Aug-2024 16:00:00', 'preOpenTime': '14-Aug-2024 09:07:35', 'QuotePreOpenFlag': False}}"
SGBMR29XII,7423,7484,7423,0,7469.99,46.99,0.63,500,3719325,7939,5712,,,27.192065383960493,-3.2444873893851134,7423,5.9076709913087315,-30.777135854341733,29XII,https://nsearchives.nseindia.com/today/SGBMR29XIIGBN.svg,26.7,14-Aug-2023,https://nsearchives.nseindia.com/365d/SGBMR29XII-GB.svg,15-Jul-2024,-3.52,https://nsearchives.nseindia.com/30d/SGBMR29XII-GB.svg,"{'symbol': 'SGBMR29XII', 'companyName': 'SOVEREIGN GOLD BONDS 2.50% MARCH 2029 SR-XII 2020-21', 'activeSeries': ['GB'], 'debtSeries': [], 'isFNOSec': False, 'isCASec': False, 'isSLBSec': False, 'isDebtSec': True, 'isSuspended': False, 'tempSuspendedSeries': [], 'isETFSec': False, 'isDelisted': False, 'isin': 'IN0020200427', 'isMunicipalBond': False, 'quotepreopenstatus': {'equityTime': '14-Aug-2024 16:00:00', 'preOpenTime': '14-Aug-2024 09:07:35', 'QuotePreOpenFlag': False}}"
SGBJUL29IV,7450,7529.99,7425,0,7449,46.97,0.63,31,230914.97,7949.99,5800,,,26.90640716359324,-3.3418369333059967,7402.03,6.3017689330426805,-28.43103448275862,L29IV,https://nsearchives.nseindia.com/today/SGBJUL29IVGBN.svg,27.13,14-Aug-2023,https://nsearchives.nseindia.com/365d/SGBJUL29IV-GB.svg,15-Jul-2024,-3.34,https://nsearchives.nseindia.com/30d/SGBJUL29IV-GB.svg,"{'symbol': 'SGBJUL29IV', 'companyName': 'SOVEREIGN GOLD BONDS 2.50% JULY 2029 SR-IV 2021-22', 'activeSeries': ['GB'], 'debtSeries': [], 'isFNOSec': False, 'isCASec': False, 'isSLBSec': False, 'isDebtSec': True, 'isSuspended': False, 'tempSuspendedSeries': [], 'isETFSec': False, 'isDelisted': False, 'isin': 'IN0020210111', 'isMunicipalBond': False, 'quotepreopenstatus': {'equityTime': '14-Aug-2024 16:00:00', 'preOpenTime': '14-Aug-2024 09:07:35', 'QuotePreOpenFlag': False}}"
SGBJAN29IX,7427,7455,7385,0,7455,29.06,0.39,809,6013515.43,7919.99,5800,,,26.850433894844308,-3.3818303408269066,7425.94,5.871093271582411,-28.53448275862069,N29IX,https://nsearchives.nseindia.com/today/SGBJAN29IXGBN.svg,26.8,14-Aug-2023,https://nsearchives.nseindia.com/365d/SGBJAN29IX-GB.svg,15-Jul-2024,-3.55,https://nsearchives.nseindia.com/30d/SGBJAN29IX-GB.svg,"{'symbol': 'SGBJAN29IX', 'companyName': 'SOVEREIGN GOLD BONDS 2.50% JANUARY 2029 SR-IX 2020-21', 'activeSeries': ['GB'], 'debtSeries': [], 'isFNOSec': False, 'isCASec': False, 'isSLBSec': False, 'isDebtSec': True, 'isSuspended': False, 'tempSuspendedSeries': [], 'isETFSec': False, 'isDelisted': False, 'isin': 'IN0020200377', 'isMunicipalBond': False, 'quotepreopenstatus': {'equityTime': '14-Aug-2024 16:00:00', 'preOpenTime': '14-Aug-2024 09:07:35', 'QuotePreOpenFlag': False}}"
SGBMAY28,7449.99,7450,7371.05,0,7450,25.16,0.34,2664,19822903.92,7975,5801,,,27.024722932651322,-3.239464790854377,7424.84,6.58307210031348,-28.426133425271505,MAY28,https://nsearchives.nseindia.com/today/SGBMAY28GBN.svg,26.7,14-Aug-2023,https://nsearchives.nseindia.com/365d/SGBMAY28-GB.svg,15-Jul-2024,-3.49,https://nsearchives.nseindia.com/30d/SGBMAY28-GB.svg,"{'symbol': 'SGBMAY28', 'companyName': 'SOVEREIGN GOLD BONDS 2.50% MAY 2028 SR-II 2020-21', 'activeSeries': ['GB'], 'debtSeries': [], 'isFNOSec': False, 'isCASec': False, 'isSLBSec': False, 'isDebtSec': True, 'isSuspended': False, 'tempSuspendedSeries': [], 'isETFSec': False, 'isDelisted': False, 'isin': 'IN0020200088', 'isMunicipalBond': False, 'quotepreopenstatus': {'equityTime': '14-Aug-2024 16:00:00', 'preOpenTime': '14-Aug-2024 09:07:35', 'QuotePreOpenFlag': False}}"
SGBMAY29I,7410,7459.99,7410,0,7439.95,22.13,0.30,970,7214675.7,7998,5812,,,26.741860528503484,-4.171158673792054,7417.82,6.977369342335586,-28.010151410874048,AY29I,https://nsearchives.nseindia.com/today/SGBMAY29IGBN.svg,26.96,14-Aug-2023,https://nsearchives.nseindia.com/365d/SGBMAY29I-GB.svg,15-Jul-2024,-4.17,https://nsearchives.nseindia.com/30d/SGBMAY29I-GB.svg,"{'symbol': 'SGBMAY29I', 'companyName': 'SOVEREIGN GOLD BONDS 2.5% MAY 2029 SR-I 2021-22', 'activeSeries': ['GB'], 'debtSeries': [], 'isFNOSec': False, 'isCASec': False, 'isSLBSec': False, 'isDebtSec': True, 'isSuspended': False, 'tempSuspendedSeries': [], 'isETFSec': False, 'isDelisted': False, 'isin': 'IN0020210053', 'isMunicipalBond': False, 'quotepreopenstatus': {'equityTime': '14-Aug-2024 16:00:00', 'preOpenTime': '14-Aug-2024 09:07:35', 'QuotePreOpenFlag': False}}"
SGBSEP27,7412.32,7429,7400,0,7429,16.68,0.23,43,318792.11,8000,5811.4,,,25.915254237288135,-2.378449408672799,7412.32,7.1375,-27.834945107891393,SEP27,https://nsearchives.nseindia.com/today/SGBSEP27GBN.svg,-,-,-,10-Jul-2024,-2.38,https://nsearchives.nseindia.com/30d/SGBSEP27-GB.svg,"{'symbol': 'SGBSEP27', 'companyName': 'SOVEREIGN GOLD BONDS 2.50% SEP 2027 SR-IV 2019-20', 'activeSeries': ['GB'], 'debtSeries': [], 'isFNOSec': False, 'isCASec': False, 'isSLBSec': False, 'isDebtSec': True, 'isSuspended': False, 'tempSuspendedSeries': [], 'isETFSec': False, 'isDelisted': False, 'isin': 'IN0020190115', 'isMunicipalBond': False, 'quotepreopenstatus': {'equityTime': '14-Aug-2024 16:00:00', 'preOpenTime': '14-Aug-2024 09:07:35', 'QuotePreOpenFlag': False}}"
SGBNV29VII,7470,7470,7435,0,7445,13.3,0.18,135,1005752.7,7934,5822,,,26.186654553651792,-2.4278365715409063,7431.7,6.16334761784724,-27.877018206801786,29VII,https://nsearchives.nseindia.com/today/SGBNV29VIIGBN.svg,26.08,14-Aug-2023,https://nsearchives.nseindia.com/365d/SGBNV29VII-GB.svg,15-Jul-2024,-2.42,https://nsearchives.nseindia.com/30d/SGBNV29VII-GB.svg,"{'symbol': 'SGBNV29VII', 'companyName': 'SOVEREIGN GOLD BONDS 2.5% NOVEMBER 2029 SR-VII 2021-22', 'activeSeries': ['GB'], 'debtSeries': [], 'isFNOSec': False, 'isCASec': False, 'isSLBSec': False, 'isDebtSec': True, 'isSuspended': False, 'tempSuspendedSeries': [], 'isETFSec': False, 'isDelisted': False, 'isin': 'IN0020210178', 'isMunicipalBond': False, 'quotepreopenstatus': {'equityTime': '14-Aug-2024 16:00:00', 'preOpenTime': '14-Aug-2024 09:07:35', 'QuotePreOpenFlag': False}}"
SGBJ28VIII,7430,7430,7430,0,7430,10,0.13,7,52010,7999,5796,,,26.683716965046887,-4.670259173723377,7420,7.113389173646706,-28.191856452726018,8VIII,https://nsearchives.nseindia.com/today/SGBJ28VIIIGBN.svg,27.27,14-Aug-2023,https://nsearchives.nseindia.com/365d/SGBJ28VIII-GB.svg,15-Jul-2024,-4.67,https://nsearchives.nseindia.com/30d/SGBJ28VIII-GB.svg,"{'symbol': 'SGBJ28VIII', 'companyName': 'SOVEREIGN GOLD BONDS 2.50% JAN 2028 SR-VIII 2019-20', 'activeSeries': ['GB'], 'debtSeries': [], 'isFNOSec': False, 'isCASec': False, 'isSLBSec': False, 'isDebtSec': True, 'isSuspended': False, 'tempSuspendedSeries': [], 'isETFSec': False, 'isDelisted': False, 'isin': 'IN0020190537', 'isMunicipalBond': False, 'quotepreopenstatus': {'equityTime': '14-Aug-2024 16:00:00', 'preOpenTime': '14-Aug-2024 09:07:35', 'QuotePreOpenFlag': False}}"
SGBFEB28IX,7455.95,7455.95,7430,0,7430,10,0.13,27,200661.84,8000,5801,,,27.00854700854701,-2.2387716031920375,7420,7.125,-28.081365281847958,B28IX,https://nsearchives.nseindia.com/today/SGBFEB28IXGBN.svg,26.79,11-Aug-2023,https://nsearchives.nseindia.com/365d/SGBFEB28IX-GB.svg,15-Jul-2024,-2.24,https://nsearchives.nseindia.com/30d/SGBFEB28IX-GB.svg,"{'symbol': 'SGBFEB28IX', 'companyName': 'SOVEREIGN GOLD BONDS 2.50% FEB 2028 SR-IX 2019-20', 'activeSeries': ['GB'], 'debtSeries': [], 'isFNOSec': False, 'isCASec': False, 'isSLBSec': False, 'isDebtSec': True, 'isSuspended': False, 'tempSuspendedSeries': [], 'isETFSec': False, 'isDelisted': False, 'isin': 'IN0020190545', 'isMunicipalBond': False, 'quotepreopenstatus': {'equityTime': '14-Aug-2024 16:00:00', 'preOpenTime': '14-Aug-2024 09:07:35', 'QuotePreOpenFlag': False}}"
SGBFEB32IV,7921.33,7945,7901.01,0,7930,8.67,0.11,1509,11966158.74,8210,6161,,,0.0,-1.6247424317420887,7921.33,3.41047503045067,-28.712871287128714,B32IV,https://nsearchives.nseindia.com/today/SGBFEB32IVGBN.svg,-,-,-,15-Jul-2024,-1.62,https://nsearchives.nseindia.com/30d/SGBFEB32IV-GB.svg,"{'symbol': 'SGBFEB32IV', 'companyName': 'SOVEREIGN GOLD BONDS 2.50% FEBRUARY 2032 SR-IV 2023-24', 'activeSeries': ['GB'], 'debtSeries': [], 'isFNOSec': False, 'isCASec': False, 'isSLBSec': False, 'isDebtSec': True, 'isSuspended': False, 'tempSuspendedSeries': [], 'isETFSec': False, 'isDelisted': False, 'isin': 'IN0020230184', 'isMunicipalBond': False, 'quotepreopenstatus': {'equityTime': '14-Aug-2024 16:00:00', 'preOpenTime': '14-Aug-2024 09:07:35', 'QuotePreOpenFlag': False}}"
SGBJAN29X,7424,7469,7423,0,7425,1.6,0.02,159,1183750.23,8100,5780,,,26.533742331288344,-4.069767441860465,7423.4,8.333333333333334,-28.46020761245675,AN29X,https://nsearchives.nseindia.com/today/SGBJAN29XGBN.svg,26.28,14-Aug-2023,https://nsearchives.nseindia.com/365d/SGBJAN29X-GB.svg,15-Jul-2024,-4.07,https://nsearchives.nseindia.com/30d/SGBJAN29X-GB.svg,"{'symbol': 'SGBJAN29X', 'companyName': 'SOVEREIGN GOLD BONDS 2.50% JANUARY 2029 SR-X 2020-21', 'activeSeries': ['GB'], 'debtSeries': [], 'isFNOSec': False, 'isCASec': False, 'isSLBSec': False, 'isDebtSec': True, 'isSuspended': False, 'tempSuspendedSeries': [], 'isETFSec': False, 'isDelisted': False, 'isin': 'IN0020200385', 'isMunicipalBond': False, 'quotepreopenstatus': {'equityTime': '14-Aug-2024 16:00:00', 'preOpenTime': '14-Aug-2024 09:07:35', 'QuotePreOpenFlag': False}}"
SGBDEC25,0,0,0,2911,7400,0,0.00,0,0,7998,5832.14,,,23.419315456434656,-7.476869217304326,7400,7.476869217304326,-26.883099514072015,DEC25,https://nsearchives.nseindia.com/today/SGBDEC25GBN.svg,23.44,11-Aug-2023,https://nsearchives.nseindia.com/365d/SGBDEC25-GB.svg,15-Jul-2024,-7.48,https://nsearchives.nseindia.com/30d/SGBDEC25-GB.svg,"{'symbol': 'SGBDEC25', 'companyName': '2.50%GOLDBONDS 2025 SR-X', 'activeSeries': ['GB'], 'debtSeries': [], 'isFNOSec': False, 'isCASec': False, 'isSLBSec': False, 'isDebtSec': False, 'isSuspended': False, 'tempSuspendedSeries': [], 'isETFSec': False, 'isDelisted': False, 'isin': 'IN0020170125', 'isMunicipalBond': False, 'quotepreopenstatus': {'equityTime': '14-Aug-2024 16:00:00', 'preOpenTime': '14-Aug-2024 09:07:35', 'QuotePreOpenFlag': False}}"
SGBNOV25IX,7399.95,7399.95,7399.95,2914,7399.95,0,0.00,1,7399.95,7700,5726,,,23.39419709854927,-0.6718120805369152,7399.95,3.8967532467532493,-29.234194900454064,V25IX,https://nsearchives.nseindia.com/today/SGBNOV25IXGBN.svg,25.42,14-Aug-2023,https://nsearchives.nseindia.com/365d/SGBNOV25IX-GB.svg,15-Jul-2024,-0.67,https://nsearchives.nseindia.com/30d/SGBNOV25IX-GB.svg,"{'symbol': 'SGBNOV25IX', 'companyName': '2.50%GOLDBONDS 2025SR-IX', 'activeSeries': ['GB'], 'debtSeries': [], 'isFNOSec': False, 'isCASec': False, 'isSLBSec': False, 'isDebtSec': False, 'isSuspended': False, 'tempSuspendedSeries': [], 'isETFSec': False, 'isDelisted': False, 'isin': 'IN0020170117', 'isMunicipalBond': False, 'quotepreopenstatus': {'equityTime': '14-Aug-2024 16:00:00', 'preOpenTime': '14-Aug-2024 09:07:35', 'QuotePreOpenFlag': False}}"
SGBNOV25,0,0,0,2884,7500,0,0.00,0,0,7602,5805,,,28.8659793814433,-0.34639592775511935,7500,1.3417521704814523,-29.198966408268735,NOV25,https://nsearchives.nseindia.com/today/SGBNOV25GBN.svg,25.09,09-Aug-2023,https://nsearchives.nseindia.com/365d/SGBNOV25-GB.svg,15-Jul-2024,-0.35,https://nsearchives.nseindia.com/30d/SGBNOV25-GB.svg,"{'symbol': 'SGBNOV25', 'companyName': '2.50% GOLDBONDS2025SR-VII', 'activeSeries': ['GB'], 'debtSeries': [], 'isFNOSec': False, 'isCASec': False, 'isSLBSec': False, 'isDebtSec': False, 'isSuspended': False, 'tempSuspendedSeries': [], 'isETFSec': False, 'isDelisted': False, 'isin': 'IN0020170091', 'isMunicipalBond': False, 'quotepreopenstatus': {'equityTime': '14-Aug-2024 16:00:00', 'preOpenTime': '14-Aug-2024 09:07:35', 'QuotePreOpenFlag': False}}"
SGBDEC2512,0,0,0,2840,7303.05,0,0.00,0,0,7800,5810,,,23.25822784810127,-3.907236842105261,7303.05,6.371153846153844,-25.697934595524963,C2512,https://nsearchives.nseindia.com/today/SGBDEC2512GBN.svg,23.26,10-Aug-2023,https://nsearchives.nseindia.com/365d/SGBDEC2512-GB.svg,12-Jul-2024,-3.92,https://nsearchives.nseindia.com/30d/SGBDEC2512-GB.svg,"{'symbol': 'SGBDEC2512', 'companyName': '2.50%GOLDBONDS2025 SR-XII', 'activeSeries': ['GB'], 'debtSeries': [], 'isFNOSec': False, 'isCASec': False, 'isSLBSec': False, 'isDebtSec': False, 'isSuspended': False, 'tempSuspendedSeries': [], 'isETFSec': False, 'isDelisted': False, 'isin': 'IN0020170141', 'isMunicipalBond': False, 'quotepreopenstatus': {'equityTime': '14-Aug-2024 16:00:00', 'preOpenTime': '14-Aug-2024 09:07:35', 'QuotePreOpenFlag': False}}"
SGBDC27VII,7441.7,7441.7,7441.7,0,7441.7,0.04,0.00,2,14883.4,8000,5750,,,25.704391891891888,-6.978750000000002,7441.66,6.978750000000002,-29.420869565217387,27VII,https://nsearchives.nseindia.com/today/SGBDC27VIIGBN.svg,25.41,14-Aug-2023,https://nsearchives.nseindia.com/365d/SGBDC27VII-GB.svg,15-Jul-2024,-6.98,https://nsearchives.nseindia.com/30d/SGBDC27VII-GB.svg,"{'symbol': 'SGBDC27VII', 'companyName': 'SOVEREIGN GOLD BONDS 2.50% DEC 2027 SR-VII 2019-20', 'activeSeries': ['GB'], 'debtSeries': [], 'isFNOSec': False, 'isCASec': False, 'isSLBSec': False, 'isDebtSec': True, 'isSuspended': False, 'tempSuspendedSeries': [], 'isETFSec': False, 'isDelisted': False, 'isin': 'IN0020190461', 'isMunicipalBond': False, 'quotepreopenstatus': {'equityTime': '14-Aug-2024 16:00:00', 'preOpenTime': '14-Aug-2024 09:07:35', 'QuotePreOpenFlag': False}}"
SGBOCT25V,0,0,0,2921,7275,0,0.00,0,0,7700,5741,,,23.305084745762713,-5.507208728406287,7275,5.51948051948052,-26.72008360912733,CT25V,https://nsearchives.nseindia.com/today/SGBOCT25VGBN.svg,24.36,11-Aug-2023,https://nsearchives.nseindia.com/365d/SGBOCT25V-GB.svg,15-Jul-2024,-5.51,https://nsearchives.nseindia.com/30d/SGBOCT25V-GB.svg,"{'symbol': 'SGBOCT25V', 'companyName': '2.50% GOLDBONDS2025SR-V', 'activeSeries': ['GB'], 'debtSeries': [], 'isFNOSec': False, 'isCASec': False, 'isSLBSec': False, 'isDebtSec': False, 'isSuspended': False, 'tempSuspendedSeries': [], 'isETFSec': False, 'isDelisted': False, 'isin': 'IN0020170075', 'isMunicipalBond': False, 'quotepreopenstatus': {'equityTime': '14-Aug-2024 16:00:00', 'preOpenTime': '14-Aug-2024 09:07:35', 'QuotePreOpenFlag': False}}"
SGBNOV25VI,0,0,0,2895,7699.95,0,0.00,0,0,7777.77,5501,,,28.39669834917458,4.194181326116371,7699.95,1.0005438576867227,-39.97364115615342,V25VI,https://nsearchives.nseindia.com/today/SGBNOV25VIGBN.svg,28.4,14-Aug-2023,https://nsearchives.nseindia.com/365d/SGBNOV25VI-GB.svg,-,-,-,"{'symbol': 'SGBNOV25VI', 'companyName': '2.50% GOLDBONDS2025SR-VI', 'activeSeries': ['GB'], 'debtSeries': [], 'isFNOSec': False, 'isCASec': False, 'isSLBSec': False, 'isDebtSec': False, 'isSuspended': False, 'tempSuspendedSeries': [], 'isETFSec': False, 'isDelisted': False, 'isin': 'IN0020170083', 'isMunicipalBond': False, 'quotepreopenstatus': {'equityTime': '14-Aug-2024 16:00:00', 'preOpenTime': '14-Aug-2024 09:07:35', 'QuotePreOpenFlag': False}}"
SGBDEC26,7351,7351,7351,3069,7351,0,0.00,3,22053,7958,5800,,,24.593220338983052,-2.7388197935961895,7351,7.627544609198291,-26.74137931034483,DEC26,https://nsearchives.nseindia.com/today/SGBDEC26GBN.svg,-,-,-,15-Jul-2024,-2.74,https://nsearchives.nseindia.com/30d/SGBDEC26-GB.svg,"{'symbol': 'SGBDEC26', 'companyName': '2.50%GOLDBONDS2026Sr-IV', 'activeSeries': ['GB'], 'debtSeries': [], 'isFNOSec': False, 'isCASec': False, 'isSLBSec': False, 'isDebtSec': True, 'isSuspended': False, 'tempSuspendedSeries': [], 'isETFSec': False, 'isDelisted': False, 'isin': 'IN0020180389', 'isMunicipalBond': False, 'quotepreopenstatus': {'equityTime': '14-Aug-2024 16:00:00', 'preOpenTime': '14-Aug-2024 09:07:35', 'QuotePreOpenFlag': False}}"
SGBNOV258,0,0,0,2911,7300,0,0.00,0,0,7650,5805,,,23.728813559322035,-3.9473684210526314,7300,4.57516339869281,-25.753660637381568,OV258,https://nsearchives.nseindia.com/today/SGBNOV258GBN.svg,24.36,14-Aug-2023,https://nsearchives.nseindia.com/365d/SGBNOV258-GB.svg,12-Jul-2024,-2.67,https://nsearchives.nseindia.com/30d/SGBNOV258-GB.svg,"{'symbol': 'SGBNOV258', 'companyName': '2.50%GOLDBONDS2025SR-VIII', 'activeSeries': ['GB'], 'debtSeries': [], 'isFNOSec': False, 'isCASec': False, 'isSLBSec': False, 'isDebtSec': False, 'isSuspended': False, 'tempSuspendedSeries': [], 'isETFSec': False, 'isDelisted': False, 'isin': 'IN0020170109', 'isMunicipalBond': False, 'quotepreopenstatus': {'equityTime': '14-Aug-2024 16:00:00', 'preOpenTime': '14-Aug-2024 09:07:35', 'QuotePreOpenFlag': False}}"
SGBOCT25IV,0,0,0,2937,7250.01,0,0.00,0,0,7998.99,5800,,,23.889439507860565,-5.843414567627057,7250.01,9.363432133306825,-25.00017241379311,T25IV,https://nsearchives.nseindia.com/today/SGBOCT25IVGBN.svg,23.91,14-Aug-2023,https://nsearchives.nseindia.com/365d/SGBOCT25IV-GB.svg,12-Jul-2024,-7.98,https://nsearchives.nseindia.com/30d/SGBOCT25IV-GB.svg,"{'symbol': 'SGBOCT25IV', 'companyName': '2.50% GOLDBONDS2025SR-IV', 'activeSeries': ['GB'], 'debtSeries': [], 'isFNOSec': False, 'isCASec': False, 'isSLBSec': False, 'isDebtSec': False, 'isSuspended': False, 'tempSuspendedSeries': [], 'isETFSec': False, 'isDelisted': False, 'isin': 'IN0020170067', 'isMunicipalBond': False, 'quotepreopenstatus': {'equityTime': '14-Aug-2024 16:00:00', 'preOpenTime': '14-Aug-2024 09:07:35', 'QuotePreOpenFlag': False}}"
SGBMAR28X,0,0,0,0,7450,0,0.00,0,0,7900,5724,,,26.89490717083972,-0.8121421914525363,7450,5.69620253164557,-30.15373864430468,AR28X,https://nsearchives.nseindia.com/today/SGBMAR28XGBN.svg,26.92,14-Aug-2023,https://nsearchives.nseindia.com/365d/SGBMAR28X-GB.svg,15-Jul-2024,-0.81,https://nsearchives.nseindia.com/30d/SGBMAR28X-GB.svg,"{'symbol': 'SGBMAR28X', 'companyName': 'SOVEREIGN GOLD BONDS 2.50% MAR 2028 SR-X 2019-20', 'activeSeries': ['GB'], 'debtSeries': [], 'isFNOSec': False, 'isCASec': False, 'isSLBSec': False, 'isDebtSec': True, 'isSuspended': False, 'tempSuspendedSeries': [], 'isETFSec': False, 'isDelisted': False, 'isin': 'IN0020190552', 'isMunicipalBond': False, 'quotepreopenstatus': {'equityTime': '14-Aug-2024 16:00:00', 'preOpenTime': '14-Aug-2024 09:07:35', 'QuotePreOpenFlag': False}}"
SGBJUN27,0,0,0,0,7500,0,0.00,0,0,7969,5775,,,28.183216544180482,-2.0350583871052037,7500,5.885305559041285,-29.87012987012987,JUN27,https://nsearchives.nseindia.com/today/SGBJUN27GBN.svg,28.47,14-Aug-2023,https://nsearchives.nseindia.com/365d/SGBJUN27-GB.svg,15-Jul-2024,-2.04,https://nsearchives.nseindia.com/30d/SGBJUN27-GB.svg,"{'symbol': 'SGBJUN27', 'companyName': '2.50%GOLDBONDS2027Sr-I', 'activeSeries': ['GB'], 'debtSeries': [], 'isFNOSec': False, 'isCASec': False, 'isSLBSec': False, 'isDebtSec': True, 'isSuspended': False, 'tempSuspendedSeries': ['EQ'], 'isETFSec': False, 'isDelisted': False, 'isin': 'IN0020190073', 'isMunicipalBond': False, 'quotepreopenstatus': {'equityTime': '14-Aug-2024 16:00:00', 'preOpenTime': '14-Aug-2024 09:07:35', 'QuotePreOpenFlag': False}}"
SGBDEC25XI,0,0,0,2902,7253,0,0.00,0,0,7630,5800,,,23.94032135966958,-3.7040675837328485,7253,4.941022280471822,-25.051724137931036,C25XI,https://nsearchives.nseindia.com/today/SGBDEC25XIGBN.svg,22.94,10-Aug-2023,https://nsearchives.nseindia.com/365d/SGBDEC25XI-GB.svg,-,-,-,"{'symbol': 'SGBDEC25XI', 'companyName': '2.50%GOLDBONDS 2025 SR-XI', 'activeSeries': ['GB'], 'debtSeries': [], 'isFNOSec': False, 'isCASec': False, 'isSLBSec': False, 'isDebtSec': False, 'isSuspended': False, 'tempSuspendedSeries': [], 'isETFSec': False, 'isDelisted': False, 'isin': 'IN0020170133', 'isMunicipalBond': False, 'quotepreopenstatus': {'equityTime': '14-Aug-2024 16:00:00', 'preOpenTime': '14-Aug-2024 09:07:35', 'QuotePreOpenFlag': False}}"
SGBJAN26,7322,7322,7201,2831,7300,-2,-0.03,16,116732.96,8000,5801,,,23.728813559322035,-4.325032765399738,7302,8.75,-25.840372349594897,JAN26,https://nsearchives.nseindia.com/today/SGBJAN26GBN.svg,23.73,14-Aug-2023,https://nsearchives.nseindia.com/365d/SGBJAN26-GB.svg,15-Jul-2024,-4.33,https://nsearchives.nseindia.com/30d/SGBJAN26-GB.svg,"{'symbol': 'SGBJAN26', 'companyName': '2.50%GOLDBONDS2026SR-XIV', 'activeSeries': ['GB'], 'debtSeries': [], 'isFNOSec': False, 'isCASec': False, 'isSLBSec': False, 'isDebtSec': False, 'isSuspended': False, 'tempSuspendedSeries': [], 'isETFSec': False, 'isDelisted': False, 'isin': 'IN0020170166', 'isMunicipalBond': False, 'quotepreopenstatus': {'equityTime': '14-Aug-2024 16:00:00', 'preOpenTime': '14-Aug-2024 09:07:35', 'QuotePreOpenFlag': False}}"
SGBJUN30,7525,7557,7517,0,7545,-5,-0.07,151,1137671.75,8030,5751,,,27.88135593220339,-3.2224549557927302,7550,6.039850560398506,-31.194574856546687,JUN30,https://nsearchives.nseindia.com/today/SGBJUN30GBN.svg,27.83,14-Aug-2023,https://nsearchives.nseindia.com/365d/SGBJUN30-GB.svg,15-Jul-2024,-3.28,https://nsearchives.nseindia.com/30d/SGBJUN30-GB.svg,"{'symbol': 'SGBJUN30', 'companyName': 'SOVEREIGN GOLD BONDS 2.50% JUNE 2030 SR-I 2022-23', 'activeSeries': ['GB'], 'debtSeries': [], 'isFNOSec': False, 'isCASec': False, 'isSLBSec': False, 'isDebtSec': True, 'isSuspended': False, 'tempSuspendedSeries': [], 'isETFSec': False, 'isDelisted': False, 'isin': 'IN0020220045', 'isMunicipalBond': False, 'quotepreopenstatus': {'equityTime': '14-Aug-2024 16:00:00', 'preOpenTime': '14-Aug-2024 09:07:35', 'QuotePreOpenFlag': False}}"
SGBJUL25,7370,7370,7310,2780,7361,-9,-0.12,10,73546,7894,5681,,,25.61433447098976,-3.131991051454139,7370,6.751963516594882,-29.57225840521035,JUL25,https://nsearchives.nseindia.com/today/SGBJUL25GBN.svg,25.18,14-Aug-2023,https://nsearchives.nseindia.com/365d/SGBJUL25-GB.svg,15-Jul-2024,-3.22,https://nsearchives.nseindia.com/30d/SGBJUL25-GB.svg,"{'symbol': 'SGBJUL25', 'companyName': 'Sovereign Gold Bonds- 2.50% JUL 2025 Sr-II 2017-18', 'activeSeries': ['GB'], 'debtSeries': [], 'isFNOSec': False, 'isCASec': False, 'isSLBSec': False, 'isDebtSec': False, 'isSuspended': False, 'tempSuspendedSeries': [], 'isETFSec': False, 'isDelisted': False, 'isin': 'IN0020170034', 'isMunicipalBond': False, 'quotepreopenstatus': {'equityTime': '14-Aug-2024 16:00:00', 'preOpenTime': '14-Aug-2024 09:07:35', 'QuotePreOpenFlag': False}}"
SGBJUN28,7376.2,7498.11,7376.2,0,7392,-8.66,-0.12,42,311390.1,7999.99,5800,,,26.05729877216917,-4.0,7400.66,7.599884499855622,-27.448275862068964,JUN28,https://nsearchives.nseindia.com/today/SGBJUN28GBN.svg,26.74,14-Aug-2023,https://nsearchives.nseindia.com/365d/SGBJUN28-GB.svg,15-Jul-2024,-3.96,https://nsearchives.nseindia.com/30d/SGBJUN28-GB.svg,"{'symbol': 'SGBJUN28', 'companyName': 'SOVEREIGN GOLD BONDS 2.5% JUN 2028 SR-III 2020-21', 'activeSeries': ['GB'], 'debtSeries': [], 'isFNOSec': False, 'isCASec': False, 'isSLBSec': False, 'isDebtSec': True, 'isSuspended': False, 'tempSuspendedSeries': [], 'isETFSec': False, 'isDelisted': False, 'isin': 'IN0020200104', 'isMunicipalBond': False, 'quotepreopenstatus': {'equityTime': '14-Aug-2024 16:00:00', 'preOpenTime': '14-Aug-2024 09:07:35', 'QuotePreOpenFlag': False}}"
SGBAUG29V,7510,7575,7445,0,7515.91,-10.52,-0.14,174,1310138.22,8250,5807,,,27.486621038258317,-2.856186400478751,7526.43,8.898060606060607,-29.42844842431548,UG29V,https://nsearchives.nseindia.com/today/SGBAUG29VGBN.svg,26.28,14-Aug-2023,https://nsearchives.nseindia.com/365d/SGBAUG29V-GB.svg,15-Jul-2024,-2.86,https://nsearchives.nseindia.com/30d/SGBAUG29V-GB.svg,"{'symbol': 'SGBAUG29V', 'companyName': 'SOVEREIGN GOLD BONDS 2.50% AUGUST 2029 SR-V 2021-22', 'activeSeries': ['GB'], 'debtSeries': [], 'isFNOSec': False, 'isCASec': False, 'isSLBSec': False, 'isDebtSec': True, 'isSuspended': False, 'tempSuspendedSeries': [], 'isETFSec': False, 'isDelisted': False, 'isin': 'IN0020210129', 'isMunicipalBond': False, 'quotepreopenstatus': {'equityTime': '14-Aug-2024 16:00:00', 'preOpenTime': '14-Aug-2024 09:07:35', 'QuotePreOpenFlag': False}}"
SGBSEP31II,7741.01,7749.99,7710,0,7725,-13.75,-0.18,700,5410258,8135,5813,,,0.0,-2.4210937174342253,7738.75,5.039950829748002,-32.8917942542577,P31II,https://nsearchives.nseindia.com/today/SGBSEP31IIGBN.svg,-,-,-,15-Jul-2024,-2.4,https://nsearchives.nseindia.com/30d/SGBSEP31II-GB.svg,"{'symbol': 'SGBSEP31II', 'companyName': 'SOVEREIGN GOLD BONDS 2.50% SEPTEMBER 2031 SR-II 2023-24', 'activeSeries': ['GB'], 'debtSeries': [], 'isFNOSec': False, 'isCASec': False, 'isSLBSec': False, 'isDebtSec': True, 'isSuspended': False, 'tempSuspendedSeries': [], 'isETFSec': False, 'isDelisted': False, 'isin': 'IN0020230093', 'isMunicipalBond': False, 'quotepreopenstatus': {'equityTime': '14-Aug-2024 16:00:00', 'preOpenTime': '14-Aug-2024 09:07:35', 'QuotePreOpenFlag': False}}"
SGBOCT27,7401,7401,7401,0,7401,-14,-0.19,8,59208,7950,5767,,,25.867346938775512,-1.385742838107928,7415,6.90566037735849,-28.333622333969135,OCT27,https://nsearchives.nseindia.com/today/SGBOCT27GBN.svg,25.87,14-Aug-2023,https://nsearchives.nseindia.com/365d/SGBOCT27-GB.svg,15-Jul-2024,-1.39,https://nsearchives.nseindia.com/30d/SGBOCT27-GB.svg,"{'symbol': 'SGBOCT27', 'companyName': 'SOVEREIGN GOLD BONDS 2.50% OCT 2027 SR-V 2019-20', 'activeSeries': ['GB'], 'debtSeries': [], 'isFNOSec': False, 'isCASec': False, 'isSLBSec': False, 'isDebtSec': True, 'isSuspended': False, 'tempSuspendedSeries': [], 'isETFSec': False, 'isDelisted': False, 'isin': 'IN0020190370', 'isMunicipalBond': False, 'quotepreopenstatus': {'equityTime': '14-Aug-2024 16:00:00', 'preOpenTime': '14-Aug-2024 09:07:35', 'QuotePreOpenFlag': False}}"
SGBDE30III,7700,7748.19,7676,0,7700,-14.68,-0.19,99,762347.52,8148.99,5825,,,30.608533995535574,-1.1654772295528082,7714.68,5.509762559531915,-32.18884120171674,30III,https://nsearchives.nseindia.com/today/SGBDE30IIIGBN.svg,31.5,14-Aug-2023,https://nsearchives.nseindia.com/365d/SGBDE30III-GB.svg,15-Jul-2024,-0.76,https://nsearchives.nseindia.com/30d/SGBDE30III-GB.svg,"{'symbol': 'SGBDE30III', 'companyName': 'SOVEREIGN GOLD BONDS 2.50% DECEMBER 2030 SR-III 2022-23', 'activeSeries': ['GB'], 'debtSeries': [], 'isFNOSec': False, 'isCASec': False, 'isSLBSec': False, 'isDebtSec': True, 'isSuspended': False, 'tempSuspendedSeries': [], 'isETFSec': False, 'isDelisted': False, 'isin': 'IN0020220110', 'isMunicipalBond': False, 'quotepreopenstatus': {'equityTime': '14-Aug-2024 16:00:00', 'preOpenTime': '14-Aug-2024 09:07:35', 'QuotePreOpenFlag': False}}"
SGBJAN30IX,7549.26,7669.97,7489,0,7529.99,-19.27,-0.26,166,1246352.9,7990,5693,,,28.82039368112034,-2.524401294498385,7549.26,5.757321652065084,-32.26752151765325,N30IX,https://nsearchives.nseindia.com/today/SGBJAN30IXGBN.svg,27.67,14-Aug-2023,https://nsearchives.nseindia.com/365d/SGBJAN30IX-GB.svg,15-Jul-2024,-2.52,https://nsearchives.nseindia.com/30d/SGBJAN30IX-GB.svg,"{'symbol': 'SGBJAN30IX', 'companyName': 'SOVEREIGN GOLD BONDS 2.50% JANUARY 2030 SR-IX 2021-22', 'activeSeries': ['GB'], 'debtSeries': [], 'isFNOSec': False, 'isCASec': False, 'isSLBSec': False, 'isDebtSec': True, 'isSuspended': False, 'tempSuspendedSeries': [], 'isETFSec': False, 'isDelisted': False, 'isin': 'IN0020210236', 'isMunicipalBond': False, 'quotepreopenstatus': {'equityTime': '14-Aug-2024 16:00:00', 'preOpenTime': '14-Aug-2024 09:07:35', 'QuotePreOpenFlag': False}}"
SGBDE31III,7698.54,7727.99,7665.02,0,7677.5,-21.04,-0.27,1512,11630727.36,8225,6021,,,0.0,-4.183478498535452,7698.54,6.656534954407295,-27.512041189171235,31III,https://nsearchives.nseindia.com/today/SGBDE31IIIGBN.svg,-,-,-,15-Jul-2024,-4.14,https://nsearchives.nseindia.com/30d/SGBDE31III-GB.svg,"{'symbol': 'SGBDE31III', 'companyName': 'SOVEREIGN GOLD BONDS 2.50% DECEMBER 2031 SR-III 2023-24', 'activeSeries': ['GB'], 'debtSeries': [], 'isFNOSec': False, 'isCASec': False, 'isSLBSec': False, 'isDebtSec': True, 'isSuspended': False, 'tempSuspendedSeries': [], 'isETFSec': False, 'isDelisted': False, 'isin': 'IN0020230168', 'isMunicipalBond': False, 'quotepreopenstatus': {'equityTime': '14-Aug-2024 16:00:00', 'preOpenTime': '14-Aug-2024 09:07:35', 'QuotePreOpenFlag': False}}"
SGBMAR31IV,7703,7749.99,7700.01,0,7700.01,-20.99,-0.27,132,1017850.68,8199,5801,,,30.271285369876924,-1.743727557403277,7721,6.085986095865347,-32.735907602137566,R31IV,https://nsearchives.nseindia.com/today/SGBMAR31IVGBN.svg,29.88,14-Aug-2023,https://nsearchives.nseindia.com/365d/SGBMAR31IV-GB.svg,15-Jul-2024,-1.68,https://nsearchives.nseindia.com/30d/SGBMAR31IV-GB.svg,"{'symbol': 'SGBMAR31IV', 'companyName': 'SOVEREIGN GOLD BONDS 2.50% MARCH 2031 SR-IV 2022-23', 'activeSeries': ['GB'], 'debtSeries': [], 'isFNOSec': False, 'isCASec': False, 'isSLBSec': False, 'isDebtSec': True, 'isSuspended': False, 'tempSuspendedSeries': [], 'isETFSec': False, 'isDelisted': False, 'isin': 'IN0020220169', 'isMunicipalBond': False, 'quotepreopenstatus': {'equityTime': '14-Aug-2024 16:00:00', 'preOpenTime': '14-Aug-2024 09:07:35', 'QuotePreOpenFlag': False}}"
SGBAUG28V,7495,7495,7450,0,7451,-23.07,-0.31,1175,8761740,8140,5771,,,26.574322281225687,-4.67844486803894,7474.07,8.464373464373464,-29.11107260440132,UG28V,https://nsearchives.nseindia.com/today/SGBAUG28VGBN.svg,25.97,14-Aug-2023,https://nsearchives.nseindia.com/365d/SGBAUG28V-GB.svg,15-Jul-2024,-4.6,https://nsearchives.nseindia.com/30d/SGBAUG28V-GB.svg,"{'symbol': 'SGBAUG28V', 'companyName': 'SOVEREIGN GOLD BONDS 2.50% AUGUST 2028 SR-V 2020-21', 'activeSeries': ['GB'], 'debtSeries': [], 'isFNOSec': False, 'isCASec': False, 'isSLBSec': False, 'isDebtSec': True, 'isSuspended': False, 'tempSuspendedSeries': [], 'isETFSec': False, 'isDelisted': False, 'isin': 'IN0020200161', 'isMunicipalBond': False, 'quotepreopenstatus': {'equityTime': '14-Aug-2024 16:00:00', 'preOpenTime': '14-Aug-2024 09:07:35', 'QuotePreOpenFlag': False}}"
SGBFEB29XI,7455,7500,7402.2,0,7402.21,-23.35,-0.31,134,996300.72,7983,5762.1,,,25.887925170068026,-3.867402597402597,7425.56,7.275335087060003,-28.463754533937273,B29XI,https://nsearchives.nseindia.com/today/SGBFEB29XIGBN.svg,25.89,14-Aug-2023,https://nsearchives.nseindia.com/365d/SGBFEB29XI-GB.svg,15-Jul-2024,-3.82,https://nsearchives.nseindia.com/30d/SGBFEB29XI-GB.svg,"{'symbol': 'SGBFEB29XI', 'companyName': 'SOVEREIGN GOLD BONDS 2.50% FEBRUARY 2029 SR-XI 2020-21', 'activeSeries': ['GB'], 'debtSeries': [], 'isFNOSec': False, 'isCASec': False, 'isSLBSec': False, 'isDebtSec': True, 'isSuspended': False, 'tempSuspendedSeries': [], 'isETFSec': False, 'isDelisted': False, 'isin': 'IN0020200393', 'isMunicipalBond': False, 'quotepreopenstatus': {'equityTime': '14-Aug-2024 16:00:00', 'preOpenTime': '14-Aug-2024 09:07:35', 'QuotePreOpenFlag': False}}"
SGBMAY26,7400,7450,7211.05,3064,7375,-25,-0.34,215,1573870.95,7999.99,5800,,,25.844222769016554,-4.220779220779221,7400,7.812384765480954,-27.155172413793103,MAY26,https://nsearchives.nseindia.com/today/SGBMAY26GBN.svg,23.78,11-Aug-2023,https://nsearchives.nseindia.com/365d/SGBMAY26-GB.svg,15-Jul-2024,-4.35,https://nsearchives.nseindia.com/30d/SGBMAY26-GB.svg,"{'symbol': 'SGBMAY26', 'companyName': '2.50% GOLDBONDS2026Sr-I', 'activeSeries': ['GB'], 'debtSeries': [], 'isFNOSec': False, 'isCASec': False, 'isSLBSec': False, 'isDebtSec': False, 'isSuspended': False, 'tempSuspendedSeries': [], 'isETFSec': False, 'isDelisted': False, 'isin': 'IN0020180033', 'isMunicipalBond': False, 'quotepreopenstatus': {'equityTime': '14-Aug-2024 16:00:00', 'preOpenTime': '14-Aug-2024 09:07:35', 'QuotePreOpenFlag': False}}"
SGBOC28VII,7426.1,7440,7426.1,0,7435,-32,-0.43,126,936069.12,7945,5832,,,26.638335561781957,-3.54164963888121,7467,6.419131529263688,-27.486282578875173,28VII,https://nsearchives.nseindia.com/today/SGBOC28VIIGBN.svg,26.12,14-Aug-2023,https://nsearchives.nseindia.com/365d/SGBOC28VII-GB.svg,15-Jul-2024,-3.54,https://nsearchives.nseindia.com/30d/SGBOC28VII-GB.svg,"{'symbol': 'SGBOC28VII', 'companyName': 'SOVEREIGN GOLD BONDS 2.50% OCTOBER 2028 SR-VII 2020-21', 'activeSeries': ['GB'], 'debtSeries': [], 'isFNOSec': False, 'isCASec': False, 'isSLBSec': False, 'isDebtSec': True, 'isSuspended': False, 'tempSuspendedSeries': [], 'isETFSec': False, 'isDelisted': False, 'isin': 'IN0020200203', 'isMunicipalBond': False, 'quotepreopenstatus': {'equityTime': '14-Aug-2024 16:00:00', 'preOpenTime': '14-Aug-2024 09:07:35', 'QuotePreOpenFlag': False}}"
SGBSEP28VI,7500,7500,7465.2,0,7465.2,-33.97,-0.45,70,524746.6,7967,5808,,,26.701901241356843,-3.0801887711052975,7499.17,6.298481235094767,-28.533057851239665,P28VI,https://nsearchives.nseindia.com/today/SGBSEP28VIGBN.svg,25.81,14-Aug-2023,https://nsearchives.nseindia.com/365d/SGBSEP28VI-GB.svg,15-Jul-2024,-3.01,https://nsearchives.nseindia.com/30d/SGBSEP28VI-GB.svg,"{'symbol': 'SGBSEP28VI', 'companyName': 'SOVEREIGN GOLD BONDS 2.50% SEPTEMBER 2028 SR-VI 2020-21', 'activeSeries': ['GB'], 'debtSeries': [], 'isFNOSec': False, 'isCASec': False, 'isSLBSec': False, 'isDebtSec': True, 'isSuspended': False, 'tempSuspendedSeries': [], 'isETFSec': False, 'isDelisted': False, 'isin': 'IN0020200195', 'isMunicipalBond': False, 'quotepreopenstatus': {'equityTime': '14-Aug-2024 16:00:00', 'preOpenTime': '14-Aug-2024 09:07:35', 'QuotePreOpenFlag': False}}"
SGBJUL27,7400,7400,7400,0,7400,-49,-0.66,43,318200,7890,5770.03,,,26.495726495726494,-3.2679738562091503,7449,6.2103929024081115,-28.248899919064552,JUL27,https://nsearchives.nseindia.com/today/SGBJUL27GBN.svg,26.06,14-Aug-2023,https://nsearchives.nseindia.com/365d/SGBJUL27-GB.svg,12-Jul-2024,-3.69,https://nsearchives.nseindia.com/30d/SGBJUL27-GB.svg,"{'symbol': 'SGBJUL27', 'companyName': '2.50%GOLDBONDS2027Sr-II', 'activeSeries': ['GB'], 'debtSeries': [], 'isFNOSec': False, 'isCASec': False, 'isSLBSec': False, 'isDebtSec': True, 'isSuspended': False, 'tempSuspendedSeries': [], 'isETFSec': False, 'isDelisted': False, 'isin': 'IN0020190081', 'isMunicipalBond': False, 'quotepreopenstatus': {'equityTime': '14-Aug-2024 16:00:00', 'preOpenTime': '14-Aug-2024 09:07:35', 'QuotePreOpenFlag': False}}"
SGBOCT27VI,7400,7400,7400,0,7400,-50,-0.67,4,29600,7904,5750.01,,,26.625598904859686,-3.2679738562091503,7450,6.376518218623482,-28.695428355776766,T27VI,https://nsearchives.nseindia.com/today/SGBOCT27VIGBN.svg,25.87,14-Aug-2023,https://nsearchives.nseindia.com/365d/SGBOCT27VI-GB.svg,12-Jul-2024,0.24,https://nsearchives.nseindia.com/30d/SGBOCT27VI-GB.svg,"{'symbol': 'SGBOCT27VI', 'companyName': 'SOVEREIGN GOLD BONDS 2.50% OCT 2027 SR-VI 2019-20', 'activeSeries': ['GB'], 'debtSeries': [], 'isFNOSec': False, 'isCASec': False, 'isSLBSec': False, 'isDebtSec': True, 'isSuspended': False, 'tempSuspendedSeries': [], 'isETFSec': False, 'isDelisted': False, 'isin': 'IN0020190388', 'isMunicipalBond': False, 'quotepreopenstatus': {'equityTime': '14-Aug-2024 16:00:00', 'preOpenTime': '14-Aug-2024 09:07:35', 'QuotePreOpenFlag': False}}"
SGBMAR25,7277,7350,7261,2893,7300,-51.01,-0.69,184,1347501.92,8188,5751,,,24.549574142825946,-4.782525897848605,7351.01,10.84513922813874,-26.934446183272474,MAR25,https://nsearchives.nseindia.com/today/SGBMAR25GBN.svg,24.82,14-Aug-2023,https://nsearchives.nseindia.com/365d/SGBMAR25-GB.svg,15-Jul-2024,-4.5,https://nsearchives.nseindia.com/30d/SGBMAR25-GB.svg,"{'symbol': 'SGBMAR25', 'companyName': 'Sovereign Gold Bonds 2.50% MAR 2025 Tr-VII', 'activeSeries': ['GB'], 'debtSeries': [], 'isFNOSec': False, 'isCASec': False, 'isSLBSec': False, 'isDebtSec': False, 'isSuspended': False, 'tempSuspendedSeries': [], 'isETFSec': False, 'isDelisted': False, 'isin': 'IN0020160126', 'isMunicipalBond': False, 'quotepreopenstatus': {'equityTime': '14-Aug-2024 16:00:00', 'preOpenTime': '14-Aug-2024 09:07:35', 'QuotePreOpenFlag': False}}"
SGBJUN31I,7688.1,7770,7688.1,0,7719.85,-53.9,-0.69,406,3131888.06,8200,5870,,,29.992254197046503,-2.232114588214435,7773.75,5.855487804878044,-31.51362862010222,UN31I,https://nsearchives.nseindia.com/today/SGBJUN31IGBN.svg,29.71,14-Aug-2023,https://nsearchives.nseindia.com/365d/SGBJUN31I-GB.svg,15-Jul-2024,-2.34,https://nsearchives.nseindia.com/30d/SGBJUN31I-GB.svg,"{'symbol': 'SGBJUN31I', 'companyName': 'SOVEREIGN GOLD BONDS 2.50% JUNE 2031 SR-I 2023-24', 'activeSeries': ['GB'], 'debtSeries': [], 'isFNOSec': False, 'isCASec': False, 'isSLBSec': False, 'isDebtSec': True, 'isSuspended': False, 'tempSuspendedSeries': [], 'isETFSec': False, 'isDelisted': False, 'isin': 'IN0020230069', 'isMunicipalBond': False, 'quotepreopenstatus': {'equityTime': '14-Aug-2024 16:00:00', 'preOpenTime': '14-Aug-2024 09:07:35', 'QuotePreOpenFlag': False}}"
SGBMAR30X,7795,8184.75,7705,0,7705,-57.2,-0.74,56,443060.24,8184.75,5725,,,30.748345494654675,-1.508876344745776,7762.2,5.8615107364305565,-34.585152838427945,AR30X,https://nsearchives.nseindia.com/today/SGBMAR30XGBN.svg,31.1,14-Aug-2023,https://nsearchives.nseindia.com/365d/SGBMAR30X-GB.svg,15-Jul-2024,-1.51,https://nsearchives.nseindia.com/30d/SGBMAR30X-GB.svg,"{'symbol': 'SGBMAR30X', 'companyName': 'SOVEREIGN GOLD BONDS 2.50% MARCH 2030 SR-X 2021-22', 'activeSeries': ['GB'], 'debtSeries': [], 'isFNOSec': False, 'isCASec': False, 'isSLBSec': False, 'isDebtSec': True, 'isSuspended': False, 'tempSuspendedSeries': [], 'isETFSec': False, 'isDelisted': False, 'isin': 'IN0020210319', 'isMunicipalBond': False, 'quotepreopenstatus': {'equityTime': '14-Aug-2024 16:00:00', 'preOpenTime': '14-Aug-2024 09:07:35', 'QuotePreOpenFlag': False}}"
SGBAPR28I,7550,7579,7450,0,7479.25,-56.51,-0.75,119,892849.86,8196.3,5811,,,26.83143971510938,-4.989202235772358,7535.76,8.748459670827073,-28.708483909826192,PR28I,https://nsearchives.nseindia.com/today/SGBAPR28IGBN.svg,26.13,14-Aug-2023,https://nsearchives.nseindia.com/365d/SGBAPR28I-GB.svg,15-Jul-2024,-4.8,https://nsearchives.nseindia.com/30d/SGBAPR28I-GB.svg,"{'symbol': 'SGBAPR28I', 'companyName': 'SOVEREIGN GOLD BONDS 2.50% APRIL 2028 SR-I 2020-21', 'activeSeries': ['GB'], 'debtSeries': [], 'isFNOSec': False, 'isCASec': False, 'isSLBSec': False, 'isDebtSec': True, 'isSuspended': False, 'tempSuspendedSeries': [], 'isETFSec': False, 'isDelisted': False, 'isin': 'IN0020200062', 'isMunicipalBond': False, 'quotepreopenstatus': {'equityTime': '14-Aug-2024 16:00:00', 'preOpenTime': '14-Aug-2024 09:07:35', 'QuotePreOpenFlag': False}}"
SGBSEP24,7153.82,7250,7076.11,3150,7100,-53.82,-0.75,115,817382.05,7775,5789,,,21.171575537677533,-5.908171676504339,7153.82,8.681672025723472,-22.646398341682502,SEP24,https://nsearchives.nseindia.com/today/SGBSEP24GBN.svg,19.66,14-Aug-2023,https://nsearchives.nseindia.com/365d/SGBSEP24-GB.svg,15-Jul-2024,-5.81,https://nsearchives.nseindia.com/30d/SGBSEP24-GB.svg,"{'symbol': 'SGBSEP24', 'companyName': 'Sovereign Gold Bonds 2.75% SEP 2024 Tr-V', 'activeSeries': ['GB'], 'debtSeries': [], 'isFNOSec': False, 'isCASec': False, 'isSLBSec': False, 'isDebtSec': False, 'isSuspended': False, 'tempSuspendedSeries': [], 'isETFSec': False, 'isDelisted': False, 'isin': 'IN0020160043', 'isMunicipalBond': False, 'quotepreopenstatus': {'equityTime': '14-Aug-2024 16:00:00', 'preOpenTime': '14-Aug-2024 09:07:35', 'QuotePreOpenFlag': False}}"
SGBD29VIII,7549,7549,7301,0,7479,-58.75,-0.78,475,3517128,7988.99,5750,,,27.193877551020407,-4.103090139761508,7537.75,6.383660512780712,-30.069565217391304,9VIII,https://nsearchives.nseindia.com/today/SGBD29VIIIGBN.svg,27.24,14-Aug-2023,https://nsearchives.nseindia.com/365d/SGBD29VIII-GB.svg,15-Jul-2024,-4.09,https://nsearchives.nseindia.com/30d/SGBD29VIII-GB.svg,"{'symbol': 'SGBD29VIII', 'companyName': 'SOVEREIGN GOLD BONDS 2.50% DECEMBER 2029 SR-VIII 2021-22', 'activeSeries': ['GB'], 'debtSeries': [], 'isFNOSec': False, 'isCASec': False, 'isSLBSec': False, 'isDebtSec': True, 'isSuspended': False, 'tempSuspendedSeries': [], 'isETFSec': False, 'isDelisted': False, 'isin': 'IN0020210228', 'isMunicipalBond': False, 'quotepreopenstatus': {'equityTime': '14-Aug-2024 16:00:00', 'preOpenTime': '14-Aug-2024 09:07:35', 'QuotePreOpenFlag': False}}"
SGBOCT25,7230,7239,7230,2906,7239,-63,-0.86,2,14469,8188.95,5820,,,23.680164018452075,-3.027461486939049,7302,11.60038832817394,-24.38144329896907,OCT25,https://nsearchives.nseindia.com/today/SGBOCT25GBN.svg,23.68,14-Aug-2023,https://nsearchives.nseindia.com/365d/SGBOCT25-GB.svg,15-Jul-2024,-3.03,https://nsearchives.nseindia.com/30d/SGBOCT25-GB.svg,"{'symbol': 'SGBOCT25', 'companyName': '2.50% GOLDBONDS2025SR-III', 'activeSeries': ['GB'], 'debtSeries': [], 'isFNOSec': False, 'isCASec': False, 'isSLBSec': False, 'isDebtSec': False, 'isSuspended': False, 'tempSuspendedSeries': [], 'isETFSec': False, 'isDelisted': False, 'isin': 'IN0020170059', 'isMunicipalBond': False, 'quotepreopenstatus': {'equityTime': '14-Aug-2024 16:00:00', 'preOpenTime': '14-Aug-2024 09:07:35', 'QuotePreOpenFlag': False}}"
SGBJAN27,7360,7439.99,7350,3164,7435,-66,-0.88,56,413549.92,7999,5758.11,,,27.007174581482747,-4.064516129032258,7501,7.050881360170021,-29.122229342614162,JAN27,https://nsearchives.nseindia.com/today/SGBJAN27GBN.svg,26.19,14-Aug-2023,https://nsearchives.nseindia.com/365d/SGBJAN27-GB.svg,15-Jul-2024,-4.06,https://nsearchives.nseindia.com/30d/SGBJAN27-GB.svg,"{'symbol': 'SGBJAN27', 'companyName': '2.50%GOLDBONDS2027Sr-V', 'activeSeries': ['GB'], 'debtSeries': [], 'isFNOSec': False, 'isCASec': False, 'isSLBSec': False, 'isDebtSec': True, 'isSuspended': False, 'tempSuspendedSeries': [], 'isETFSec': False, 'isDelisted': False, 'isin': 'IN0020180462', 'isMunicipalBond': False, 'quotepreopenstatus': {'equityTime': '14-Aug-2024 16:00:00', 'preOpenTime': '14-Aug-2024 09:07:35', 'QuotePreOpenFlag': False}}"
SGBMAY25,7251.03,7345,7240,2901,7345,-80,-1.08,72,523563.12,7799.99,5751,,,24.929201116453747,-3.7352555701179555,7425,5.833212606682826,-27.716918796731004,MAY25,https://nsearchives.nseindia.com/today/SGBMAY25GBN.svg,25.27,14-Aug-2023,https://nsearchives.nseindia.com/365d/SGBMAY25-GB.svg,15-Jul-2024,-3.82,https://nsearchives.nseindia.com/30d/SGBMAY25-GB.svg,"{'symbol': 'SGBMAY25', 'companyName': 'Sovereign Gold Bonds 2.50% MAY 2025 Sr-I 2017-18', 'activeSeries': ['GB'], 'debtSeries': [], 'isFNOSec': False, 'isCASec': False, 'isSLBSec': False, 'isDebtSec': False, 'isSuspended': False, 'tempSuspendedSeries': [], 'isETFSec': False, 'isDelisted': False, 'isin': 'IN0020170018', 'isMunicipalBond': False, 'quotepreopenstatus': {'equityTime': '14-Aug-2024 16:00:00', 'preOpenTime': '14-Aug-2024 09:07:35', 'QuotePreOpenFlag': False}}"
SGBJU29III,7449.5,7452.5,7449.5,0,7449.5,-108.85,-1.44,30,223513.5,8000,5800,,,26.989132750905604,-3.265809635112323,7558.35,6.88125,-28.439655172413794,29III,https://nsearchives.nseindia.com/today/SGBJU29IIIGBN.svg,26.8,14-Aug-2023,https://nsearchives.nseindia.com/365d/SGBJU29III-GB.svg,15-Jul-2024,-3.27,https://nsearchives.nseindia.com/30d/SGBJU29III-GB.svg,"{'symbol': 'SGBJU29III', 'companyName': 'SOVEREIGN GOLD BONDS 2.5% JUNE 2029 SR-III 2021-22', 'activeSeries': ['GB'], 'debtSeries': [], 'isFNOSec': False, 'isCASec': False, 'isSLBSec': False, 'isDebtSec': True, 'isSuspended': False, 'tempSuspendedSeries': [], 'isETFSec': False, 'isDelisted': False, 'isin': 'IN0020210087', 'isMunicipalBond': False, 'quotepreopenstatus': {'equityTime': '14-Aug-2024 16:00:00', 'preOpenTime': '14-Aug-2024 09:07:35', 'QuotePreOpenFlag': False}}"
SGBFEB27,7500,7500,7375.03,3276,7375.03,-124.97,-1.67,53,394208.17,7900,5752.6,,,25.63935264054514,-1.6662666666666701,7500,6.645189873417725,-28.203421061780748,FEB27,https://nsearchives.nseindia.com/today/SGBFEB27GBN.svg,25.76,14-Aug-2023,https://nsearchives.nseindia.com/365d/SGBFEB27-GB.svg,11-Jul-2024,-1.34,https://nsearchives.nseindia.com/30d/SGBFEB27-GB.svg,"{'symbol': 'SGBFEB27', 'companyName': '2.50%GOLDBONDS2027Sr-VI', 'activeSeries': ['GB'], 'debtSeries': [], 'isFNOSec': False, 'isCASec': False, 'isSLBSec': False, 'isDebtSec': True, 'isSuspended': False, 'tempSuspendedSeries': [], 'isETFSec': False, 'isDelisted': False, 'isin': 'IN0020180561', 'isMunicipalBond': False, 'quotepreopenstatus': {'equityTime': '14-Aug-2024 16:00:00', 'preOpenTime': '14-Aug-2024 09:07:35', 'QuotePreOpenFlag': False}}"
SGBSEP29VI,7501,7579.99,7410,0,7471,-129,-1.70,539,4050746.7,7990,5652,,,26.8474892822276,-3.126256142944209,7600,6.495619524405507,-32.18329794762916,P29VI,https://nsearchives.nseindia.com/today/SGBSEP29VIGBN.svg,26.98,14-Aug-2023,https://nsearchives.nseindia.com/365d/SGBSEP29VI-GB.svg,15-Jul-2024,-3.05,https://nsearchives.nseindia.com/30d/SGBSEP29VI-GB.svg,"{'symbol': 'SGBSEP29VI', 'companyName': 'SOVEREIGN GOLD BONDS 2.5% SEPTEMBER 2029 SR-VI 2021-22', 'activeSeries': ['GB'], 'debtSeries': [], 'isFNOSec': False, 'isCASec': False, 'isSLBSec': False, 'isDebtSec': True, 'isSuspended': False, 'tempSuspendedSeries': [], 'isETFSec': False, 'isDelisted': False, 'isin': 'IN0020210145', 'isMunicipalBond': False, 'quotepreopenstatus': {'equityTime': '14-Aug-2024 16:00:00', 'preOpenTime': '14-Aug-2024 09:07:35', 'QuotePreOpenFlag': False}}"
